;Sex;Age;WeightClassKg;BodyweightKg;TotalKg;Wilks
8361;M;62,0;"[83,80000305175781, 94,0)";90,8;540,0;343,2
8386;M;20,0;"[73,5999984741211, 83,80000305175781)";73,0;497,5;361,36
8474;F;45,5;"[53,20000076293945, 63,400001525878906)";61,15;342,5;376,29
8499;F;21,5;"[83,80000305175781, 94,0)";81,65;478,0;432,54
8542;M;26,5;"[114,4000015258789, 124,5999984741211)";105,2;800,0;477,72
9046;M;44,0;"[104,19999694824219, 114,4000015258789)";95,6;572,5;355,11
9538;F;34,0;"[83,80000305175781, 94,0)";83,1;475,0;425,89
9614;F;51,0;"[83,80000305175781, 94,0)";73,0;267,5;258,73
9632;M;52,0;"[63,400001525878906, 73,5999984741211)";65,5;405,0;320,01
9838;F;29,0;"[83,80000305175781, 94,0)";82,0;355,0;320,51
10554;M;22,0;"[104,19999694824219, 114,4000015258789)";98,8;675,0;412,81
10629;M;22,0;"[73,5999984741211, 83,80000305175781)";77,9;650,0;451,42
10630;M;29,0;"[73,5999984741211, 83,80000305175781)";72,9;700,0;508,95
10632;M;26,0;"[73,5999984741211, 83,80000305175781)";83,0;717,5;478,93
11508;M;16,0;"[73,5999984741211, 83,80000305175781)";67,9;385,0;295,45
12302;M;31,5;"[73,5999984741211, 83,80000305175781)";72,8;675,0;491,27
12307;M;22,0;"[83,80000305175781, 94,0)";91,3;740,0;469,03
12873;F;36,0;"[63,400001525878906, 73,5999984741211)";63,1;545,0;584,6
12998;M;38,0;"[104,19999694824219, 114,4000015258789)";96,9;510,0;314,47
13199;M;38,5;"[73,5999984741211, 83,80000305175781)";79,6;670,0;458,86
13238;M;56,5;"[114,4000015258789, 124,5999984741211)";109,4;440,0;259,37
13480;M;69,0;"[83,80000305175781, 94,0)";91,0;520,0;330,13
13489;M;51,0;"[73,5999984741211, 83,80000305175781)";82,5;520,0;348,35
14872;M;22,5;"[73,5999984741211, 83,80000305175781)";83,0;675,5;450,9
14887;F;18,0;"[43,0, 53,20000076293945)";51,1;280,0;353,78
15332;M;73,0;"[73,5999984741211, 83,80000305175781)";73,05;365,0;264,99
15363;M;63,0;"[73,5999984741211, 83,80000305175781)";72,95;477,5;347,01
15374;M;47,0;"[104,19999694824219, 114,4000015258789)";103,35;500,0;300,48
15408;M;37,0;"[73,5999984741211, 83,80000305175781)";71,65;550,0;405,0
15432;M;26,0;"[73,5999984741211, 83,80000305175781)";82,65;602,5;403,18
15465;M;37,0;"[104,19999694824219, 114,4000015258789)";100,4;700,0;425,34
16368;M;39,0;"[114,4000015258789, 124,5999984741211)";110,45;605,0;355,6
16516;F;17,0;"[43,0, 53,20000076293945)";51,8;276,0;345,1
16872;M;19,5;"[73,5999984741211, 83,80000305175781)";80,7;580,0;393,81
16893;M;53,0;"[83,80000305175781, 94,0)";90,5;525,0;334,22
16946;F;45,0;"[53,20000076293945, 63,400001525878906)";60,6;270,0;298,71
16948;F;28,0;"[63,400001525878906, 73,5999984741211)";71,85;372,5;364,08
17028;F;38,5;"[53,20000076293945, 63,400001525878906)";60,9;245,0;270,02
17066;M;15,0;"[83,80000305175781, 94,0)";86,4;445,0;290,3
17069;F;40,0;"[53,20000076293945, 63,400001525878906)";56,3;290,0;339,79
17123;M;19,0;"[83,80000305175781, 94,0)";92,75;610,0;383,69
17148;F;26,0;"[83,80000305175781, 94,0)";74,25;387,5;370,72
17177;M;20,5;"[73,5999984741211, 83,80000305175781)";83,0;575,0;383,81
17318;M;66,0;"[114,4000015258789, 124,5999984741211)";111,4;600,0;351,76
17849;M;29,0;"[104,19999694824219, 114,4000015258789)";93,25;625,0;392,12
18331;F;15,0;"[53,20000076293945, 63,400001525878906)";56,2;242,5;284,53
18982;M;72,5;"[73,5999984741211, 83,80000305175781)";81,95;505,0;339,67
19024;M;50,0;"[114,4000015258789, 124,5999984741211)";118,3;720,0;415,35
19052;M;36,0;"[83,80000305175781, 94,0)";92,2;830,0;523,56
19073;F;27,0;"[53,20000076293945, 63,400001525878906)";62,3;410,0;444,07
19770;M;37,0;"[73,5999984741211, 83,80000305175781)";70,3;510,0;380,94
19775;M;23,0;"[73,5999984741211, 83,80000305175781)";76,95;670,0;469,12
19896;M;58,0;"[114,4000015258789, 124,5999984741211)";117,85;505,0;291,59
20451;M;15,5;"[73,5999984741211, 83,80000305175781)";73,9;382,5;275,4
20513;F;22,5;"[53,20000076293945, 63,400001525878906)";62,7;352,5;379,94
20730;M;63,0;"[83,80000305175781, 94,0)";89,85;407,5;260,37
63994;F;35,0;"[73,5999984741211, 83,80000305175781)";82,5;297,1;267,38
64006;M;38,0;"[73,5999984741211, 83,80000305175781)";82,5;474,0;317,54
66541;M;34,0;"[83,80000305175781, 94,0)";84,82;587,4;387,18
66834;F;30,0;"[73,5999984741211, 83,80000305175781)";68,49;213,19;215,34
66848;M;38,0;"[73,5999984741211, 83,80000305175781)";80,29;485,34;330,59
66862;M;26,0;"[134,8000030517578, 145,0]";132,45;684,92;386,12
68189;F;60,0;"[83,80000305175781, 94,0)";84,37;294,84;262,35
68191;M;30,0;"[73,5999984741211, 83,80000305175781)";80,29;619,15;421,73
75791;F;40,5;"[43,0, 53,20000076293945)";52,0;360,0;448,79
75807;F;25,5;"[53,20000076293945, 63,400001525878906)";60,0;335,0;373,49
75864;M;22,5;"[53,20000076293945, 63,400001525878906)";60,0;600,0;511,72
75880;M;40,5;"[63,400001525878906, 73,5999984741211)";67,5;575,0;443,33
75930;M;32,5;"[104,19999694824219, 114,4000015258789)";110,0;915,0;538,47
75936;M;37,5;"[104,19999694824219, 114,4000015258789)";110,0;775,0;456,08
78223;M;29,0;"[63,400001525878906, 73,5999984741211)";67,5;585,0;451,04
84095;M;24,5;"[124,5999984741211, 134,8000030517578)";110,22;670,0;394,05
89739;M;19,5;"[53,20000076293945, 63,400001525878906)";55,9;465,0;424,05
89766;M;23,5;"[73,5999984741211, 83,80000305175781)";81,5;795,0;536,52
105256;M;27,5;"[83,80000305175781, 94,0)";89,8;790,0;504,9
107556;M;34,5;"[63,400001525878906, 73,5999984741211)";67,5;627,5;483,81
107576;M;28,0;"[83,80000305175781, 94,0)";90,0;832,5;531,46
107640;M;26,0;"[134,8000030517578, 145,0]";145,0;845,0;469,78
107985;M;23,5;"[83,80000305175781, 94,0)";90,0;710,0;453,26
115134;M;38,0;"[94,0, 104,19999694824219)";100,0;762,04;463,77
120621;F;35,5;"[53,20000076293945, 63,400001525878906)";58,5;387,0;440,04
126802;M;31,5;"[63,400001525878906, 73,5999984741211)";67,5;602,5;464,54
131054;F;32,5;"[83,80000305175781, 94,0)";90,0;567,5;490,36
135917;M;26,5;"[63,400001525878906, 73,5999984741211)";67,5;612,5;472,25
135937;M;26,0;"[73,5999984741211, 83,80000305175781)";82,5;765,0;512,48
135961;M;38,5;"[104,19999694824219, 114,4000015258789)";110,0;877,5;516,4
136494;M;21,5;"[53,20000076293945, 63,400001525878906)";56,0;485,0;441,52
146694;M;35,5;"[63,400001525878906, 73,5999984741211)";67,5;657,5;506,94
146714;M;32,5;"[83,80000305175781, 94,0)";90,0;762,5;486,78
146748;M;29,5;"[104,19999694824219, 114,4000015258789)";110,0;757,5;445,78
146769;M;32,0;"[134,8000030517578, 145,0]";145,0;945,0;525,38
153276;M;37,0;"[63,400001525878906, 73,5999984741211)";67,5;772,5;595,61
153278;M;34,5;"[63,400001525878906, 73,5999984741211)";67,5;640,0;493,45
153300;M;28,5;"[94,0, 104,19999694824219)";100,0;860,0;523,39
153313;M;28,0;"[104,19999694824219, 114,4000015258789)";110,0;772,5;454,61
153314;M;27,0;"[124,5999984741211, 134,8000030517578)";125,0;892,5;508,59
180601;M;34,0;"[73,5999984741211, 83,80000305175781)";74,7;702,5;501,98
180640;M;17,0;"[83,80000305175781, 94,0)";89,1;777,5;498,92
180662;M;26,0;"[104,19999694824219, 114,4000015258789)";109,2;895,0;527,89
180667;M;18,0;"[104,19999694824219, 114,4000015258789)";109,0;800,0;472,13
181943;M;17,5;"[63,400001525878906, 73,5999984741211)";67,5;617,5;476,1
181970;M;21,0;"[73,5999984741211, 83,80000305175781)";82,28;832,5;558,59
182880;M;23,5;"[53,20000076293945, 63,400001525878906)";59,2;575,0;496,49
182906;M;45,0;"[124,5999984741211, 134,8000030517578)";119,8;897,5;516,19
182926;M;63,5;"[63,400001525878906, 73,5999984741211)";66,5;537,5;419,44
183006;M;42,5;"[124,5999984741211, 134,8000030517578)";112,0;860,0;503,39
183360;M;35,0;"[73,5999984741211, 83,80000305175781)";72,8;511,0;371,91
184495;M;21,0;"[83,80000305175781, 94,0)";91,8;702,5;444,07
184552;M;27,0;"[104,19999694824219, 114,4000015258789)";105,7;732,5;436,7
184603;M;51,0;"[94,0, 104,19999694824219)";99,1;545,0;332,9
184700;M;23,5;"[73,5999984741211, 83,80000305175781)";82,6;877,5;587,42
184701;M;22,5;"[73,5999984741211, 83,80000305175781)";82,4;770,0;516,2
185611;M;41,0;"[94,0, 104,19999694824219)";97,5;590,0;362,84
185915;M;51,0;"[83,80000305175781, 94,0)";89,48;652,5;417,79
185926;M;22,0;"[94,0, 104,19999694824219)";96,02;660,0;408,58
186575;F;48,0;"[73,5999984741211, 83,80000305175781)";81,1;247,5;224,77
186727;M;25,5;"[104,19999694824219, 114,4000015258789)";110,0;840,0;494,33
186735;M;23,5;"[124,5999984741211, 134,8000030517578)";125,0;935,0;532,8
186838;M;59,0;"[73,5999984741211, 83,80000305175781)";73,7;397,5;286,75
186908;M;50,0;"[94,0, 104,19999694824219)";99,4;705,0;430,1
186911;M;22,0;"[94,0, 104,19999694824219)";97,42;667,5;410,64
186940;M;41,0;"[104,19999694824219, 114,4000015258789)";109,4;707,5;417,06
187431;M;29,0;"[124,5999984741211, 134,8000030517578)";121,1;820,0;470,45
187448;M;48,5;"[53,20000076293945, 63,400001525878906)";60,0;477,5;407,25
187729;F;15,0;"[43,0, 53,20000076293945)";47,3;332,5;445,12
187743;F;15,0;"[53,20000076293945, 63,400001525878906)";55,8;382,5;451,32
187772;F;47,0;"[63,400001525878906, 73,5999984741211)";66,3;392,5;405,82
187789;F;43,0;"[73,5999984741211, 83,80000305175781)";73,6;455,0;437,75
187802;F;44,0;"[73,5999984741211, 83,80000305175781)";80,6;460,0;419,17
189704;M;47,0;"[124,5999984741211, 134,8000030517578)";124,56;740,0;421,99
189772;M;74,0;"[53,20000076293945, 63,400001525878906)";58,96;267,5;231,85
189901;M;41,0;"[53,20000076293945, 63,400001525878906)";59,9;615,0;525,32
189922;M;42,0;"[83,80000305175781, 94,0)";88,94;810,0;520,26
189958;M;36,5;"[124,5999984741211, 134,8000030517578)";122,4;912,5;522,29
189962;M;32,0;"[124,5999984741211, 134,8000030517578)";119,9;830,0;477,28
190731;M;38,0;"[83,80000305175781, 94,0)";84,9;740,0;487,5
191312;M;29,5;"[83,80000305175781, 94,0)";88,5;617,5;397,65
191620;F;15,0;"[43,0, 53,20000076293945)";44,0;262,5;369,62
191660;F;18,0;"[53,20000076293945, 63,400001525878906)";59,3;450,0;506,29
191825;M;17,0;"[53,20000076293945, 63,400001525878906)";54,85;490,0;455,3
191895;M;17,0;"[83,80000305175781, 94,0)";87,35;622,5;403,67
192457;M;45,5;"[73,5999984741211, 83,80000305175781)";82,0;605,0;406,78
192814;F;58,0;"[73,5999984741211, 83,80000305175781)";67,7;267,5;272,44
192818;F;58,0;"[73,5999984741211, 83,80000305175781)";67,7;267,5;272,44
193221;M;65,0;"[73,5999984741211, 83,80000305175781)";73,5;407,5;294,54
193283;F;42,5;"[53,20000076293945, 63,400001525878906)";57,9;305,0;349,61
193302;F;42,0;"[63,400001525878906, 73,5999984741211)";66,3;340,0;351,54
193403;M;38,5;"[73,5999984741211, 83,80000305175781)";74,9;657,5;468,94
193541;M;23,5;"[94,0, 104,19999694824219)";96,8;702,5;433,36
193627;M;54,5;"[124,5999984741211, 134,8000030517578)";124,2;672,5;383,73
194111;M;17,5;"[73,5999984741211, 83,80000305175781)";75,0;597,5;425,75
194483;M;22,0;"[124,5999984741211, 134,8000030517578)";123,7;872,5;498,26
194492;M;19,0;"[124,5999984741211, 134,8000030517578)";116,3;710,0;411,33
194513;F;42,0;"[43,0, 53,20000076293945)";51,2;427,5;539,34
194520;F;68,5;"[43,0, 53,20000076293945)";50,9;155,0;196,43
194552;F;35,0;"[63,400001525878906, 73,5999984741211)";66,6;387,5;399,34
194557;F;51,5;"[63,400001525878906, 73,5999984741211)";66,8;395,0;406,18
194569;F;41,0;"[73,5999984741211, 83,80000305175781)";73,6;382,5;368,0
194935;M;48,0;"[104,19999694824219, 114,4000015258789)";107,8;570,0;337,59
195050;M;31,0;"[73,5999984741211, 83,80000305175781)";82,5;647,5;433,76
196295;F;49,5;"[73,5999984741211, 83,80000305175781)";71,4;405,0;397,51
196603;M;20,5;"[63,400001525878906, 73,5999984741211)";65,65;522,5;412,07
196606;M;23,5;"[73,5999984741211, 83,80000305175781)";73,9;638,0;459,36
196612;M;35,0;"[73,5999984741211, 83,80000305175781)";82,0;715,0;480,74
196618;M;23,5;"[104,19999694824219, 114,4000015258789)";100,65;740,0;449,2
196681;F;37,5;"[43,0, 53,20000076293945)";51,7;277,5;347,49
196734;M;22,5;"[73,5999984741211, 83,80000305175781)";73,3;442,5;320,46
196741;M;32,5;"[73,5999984741211, 83,80000305175781)";82,08;577,5;388,06
196743;M;18,5;"[73,5999984741211, 83,80000305175781)";82,4;572,5;383,8
196786;M;30,5;"[114,4000015258789, 124,5999984741211)";116,46;640,0;370,65
196831;F;28,5;"[53,20000076293945, 63,400001525878906)";62,5;362,5;391,67
196838;M;24,5;"[73,5999984741211, 83,80000305175781)";82,68;600,0;401,42
196868;M;55,5;"[83,80000305175781, 94,0)";89,4;575,0;368,34
196870;M;37,5;"[94,0, 104,19999694824219)";99,8;677,5;412,65
197218;M;20,0;"[83,80000305175781, 94,0)";85,1;535,0;351,98
197706;F;15,5;"[83,80000305175781, 94,0)";81,5;420,0;380,43
197720;F;20,5;"[43,0, 53,20000076293945)";46,25;230,0;312,91
197846;M;49,5;"[73,5999984741211, 83,80000305175781)";82,75;533,0;356,42
197967;F;32,5;"[83,80000305175781, 94,0)";79,05;350,0;322,41
198024;F;45,0;"[63,400001525878906, 73,5999984741211)";68,5;370,0;373,7
198070;M;21,5;"[63,400001525878906, 73,5999984741211)";65,95;502,5;394,81
198489;M;21,5;"[83,80000305175781, 94,0)";89,95;687,5;439,02
198638;M;23,5;"[73,5999984741211, 83,80000305175781)";73,8;442,5;318,91
198704;F;20,5;"[43,0, 53,20000076293945)";46,7;202,5;273,6
198766;M;20,5;"[104,19999694824219, 114,4000015258789)";104,5;730,0;436,95
198920;F;21,0;"[53,20000076293945, 63,400001525878906)";62,2;320,0;347,02
199595;F;38,5;"[63,400001525878906, 73,5999984741211)";68,9;332,5;334,45
199655;M;50,0;"[63,400001525878906, 73,5999984741211)";67,4;585,0;451,58
199777;M;23,5;"[73,5999984741211, 83,80000305175781)";81,5;622,5;420,11
200001;M;21,5;"[73,5999984741211, 83,80000305175781)";82,0;492,5;331,14
200005;M;31,5;"[83,80000305175781, 94,0)";86,0;557,5;364,62
200175;M;25,5;"[83,80000305175781, 94,0)";88,4;540,0;347,95
200317;M;23,5;"[73,5999984741211, 83,80000305175781)";82,9;530,0;354,03
200409;M;41,5;"[94,0, 104,19999694824219)";98,9;560,0;342,34
200489;M;24,5;"[83,80000305175781, 94,0)";92,75;737,5;463,88
200859;M;28,5;"[63,400001525878906, 73,5999984741211)";68,75;636,0;483,3
200893;M;14,5;"[73,5999984741211, 83,80000305175781)";82,4;655,0;439,11
201169;M;47,5;"[73,5999984741211, 83,80000305175781)";80,8;460,0;312,09
201171;M;32,5;"[73,5999984741211, 83,80000305175781)";79,25;405,0;278,15
201217;M;20,5;"[83,80000305175781, 94,0)";85,85;610,0;399,34
201389;F;40,0;"[43,0, 53,20000076293945)";47,1;287,5;386,06
201462;F;43,5;"[53,20000076293945, 63,400001525878906)";60,8;277,5;306,23
201613;M;16,0;"[104,19999694824219, 114,4000015258789)";105,0;425,0;253,96
201670;F;53,5;"[43,0, 53,20000076293945)";49,65;307,5;397,13
201910;M;18,5;"[73,5999984741211, 83,80000305175781)";72,6;520,0;379,22
201915;M;22,5;"[73,5999984741211, 83,80000305175781)";82,2;587,5;394,43
201957;M;24,5;"[104,19999694824219, 114,4000015258789)";96,5;680,0;420,05
201974;M;24,5;"[63,400001525878906, 73,5999984741211)";65,85;605,0;475,93
201984;M;22,0;"[83,80000305175781, 94,0)";92,45;711,0;447,91
202042;M;37,5;"[83,80000305175781, 94,0)";87,2;640,0;415,41
202152;F;34,0;"[53,20000076293945, 63,400001525878906)";55,95;350,0;412,1
202163;M;23,5;"[73,5999984741211, 83,80000305175781)";82,7;530,0;354,54
202234;M;25,5;"[94,0, 104,19999694824219)";90,4;657,5;418,8
202253;F;41,5;"[53,20000076293945, 63,400001525878906)";61,9;392,5;427,22
202270;M;19,5;"[63,400001525878906, 73,5999984741211)";65,9;597,5;469,74
202373;M;15,5;"[53,20000076293945, 63,400001525878906)";55,95;335,0;305,23
202476;F;55,5;"[43,0, 53,20000076293945)";46,65;245,0;331,28
202488;M;25,5;"[73,5999984741211, 83,80000305175781)";80,05;525,0;358,28
202608;M;21,5;"[73,5999984741211, 83,80000305175781)";71,5;480,0;354,0
202635;M;32,5;"[114,4000015258789, 124,5999984741211)";120,0;710,5;408,48
203150;M;43,5;"[73,5999984741211, 83,80000305175781)";69,48;510,0;384,38
203246;M;22,5;"[73,5999984741211, 83,80000305175781)";82,7;687,5;459,89
203266;F;26,5;"[63,400001525878906, 73,5999984741211)";71,9;402,5;393,22
203968;M;22,5;"[104,19999694824219, 114,4000015258789)";104,3;602,5;360,88
204085;M;18,5;"[73,5999984741211, 83,80000305175781)";72,25;542,5;397,02
204253;M;17,5;"[83,80000305175781, 94,0)";90,55;547,5;348,45
204329;F;33,5;"[43,0, 53,20000076293945)";46,8;255,0;344,0
204429;M;18,5;"[114,4000015258789, 124,5999984741211)";108,0;695,0;411,37
204441;F;32,5;"[53,20000076293945, 63,400001525878906)";60,0;302,5;337,25
204516;M;29,5;"[73,5999984741211, 83,80000305175781)";82,65;497,5;332,92
204523;F;35,5;"[43,0, 53,20000076293945)";51,65;340,0;426,07
204560;M;28,0;"[73,5999984741211, 83,80000305175781)";83,0;625,0;417,19
204809;M;29,5;"[83,80000305175781, 94,0)";89,7;627,5;401,28
204870;M;29,5;"[73,5999984741211, 83,80000305175781)";82,1;665,0;446,79
204900;F;28,5;"[53,20000076293945, 63,400001525878906)";62,84;412,5;443,86
204907;F;38,5;"[83,80000305175781, 94,0)";76,34;397,5;373,77
205205;M;27,5;"[73,5999984741211, 83,80000305175781)";74,0;661,0;475,47
205515;F;32,5;"[83,80000305175781, 94,0)";84,0;317,5;283,13
205519;M;20,5;"[73,5999984741211, 83,80000305175781)";73,85;515,0;370,98
205663;F;38,5;"[53,20000076293945, 63,400001525878906)";55,2;265,0;315,34
205932;M;23,5;"[94,0, 104,19999694824219)";97,8;567,5;348,55
205944;M;31,5;"[114,4000015258789, 124,5999984741211)";108,2;660,0;390,42
206439;M;39,5;"[73,5999984741211, 83,80000305175781)";73,3;625,0;452,63
206440;M;22,5;"[73,5999984741211, 83,80000305175781)";74,2;565,0;405,64
206478;F;39,5;"[43,0, 53,20000076293945)";51,24;370,5;467,15
206484;F;51,5;"[53,20000076293945, 63,400001525878906)";56,68;260,5;303,62
206555;M;32,5;"[63,400001525878906, 73,5999984741211)";66,0;577,5;453,45
206606;M;17,5;"[63,400001525878906, 73,5999984741211)";68,4;442,5;337,61
206744;M;50,0;"[73,5999984741211, 83,80000305175781)";74,1;622,5;447,34
206982;F;28,5;"[83,80000305175781, 94,0)";81,0;400,0;363,51
207083;M;17,5;"[104,19999694824219, 114,4000015258789)";101,8;625,0;377,73
207617;F;23,5;"[53,20000076293945, 63,400001525878906)";62,1;427,5;464,17
207689;M;28,5;"[53,20000076293945, 63,400001525878906)";58,78;435,0;378,1
207851;F;47,5;"[43,0, 53,20000076293945)";50,25;305,0;390,33
207972;F;30,0;"[53,20000076293945, 63,400001525878906)";62,25;362,5;392,87
208033;F;48,5;"[53,20000076293945, 63,400001525878906)";61,96;410,0;445,93
208123;M;22,5;"[104,19999694824219, 114,4000015258789)";101,45;732,5;443,28
208139;M;27,5;"[73,5999984741211, 83,80000305175781)";73,81;612,5;441,39
208208;M;19,5;"[104,19999694824219, 114,4000015258789)";97,75;425,0;261,08
208271;M;18,5;"[104,19999694824219, 114,4000015258789)";104,75;717,5;429,1
208371;M;38,5;"[104,19999694824219, 114,4000015258789)";109,55;807,5;475,81
208424;F;32,5;"[53,20000076293945, 63,400001525878906)";62,96;365,0;392,18
208592;M;46,0;"[73,5999984741211, 83,80000305175781)";73,75;570,0;411,0
208594;M;65,5;"[73,5999984741211, 83,80000305175781)";73,4;465,5;336,79
208700;M;59,5;"[83,80000305175781, 94,0)";88,6;502,5;323,4
208702;M;38,0;"[104,19999694824219, 114,4000015258789)";95,9;465,0;288,03
208740;M;45,5;"[83,80000305175781, 94,0)";89,7;550,0;351,72
209051;F;25,5;"[63,400001525878906, 73,5999984741211)";63,8;302,5;321,8
209266;M;21,5;"[73,5999984741211, 83,80000305175781)";81,0;500,0;338,71
209339;M;58,0;"[73,5999984741211, 83,80000305175781)";81,0;568,0;384,78
209531;F;16,5;"[83,80000305175781, 94,0)";82,85;355,0;318,79
209563;M;18,5;"[73,5999984741211, 83,80000305175781)";82,2;532,5;357,51
209711;F;38,5;"[63,400001525878906, 73,5999984741211)";65,8;305,0;317,1
209784;M;45,5;"[83,80000305175781, 94,0)";89,9;475,0;303,41
209808;F;38,5;"[63,400001525878906, 73,5999984741211)";64,0;339,0;359,78
209863;M;29,5;"[83,80000305175781, 94,0)";92,1;512,5;323,45
209992;M;28,5;"[83,80000305175781, 94,0)";87,8;572,5;370,23
209993;M;29,5;"[83,80000305175781, 94,0)";90,2;617,5;393,76
210479;M;26,5;"[104,19999694824219, 114,4000015258789)";104,8;752,5;449,96
210563;M;30,5;"[73,5999984741211, 83,80000305175781)";81,3;575,0;388,63
210782;F;24,5;"[63,400001525878906, 73,5999984741211)";63,65;407,5;434,26
210790;F;36,5;"[63,400001525878906, 73,5999984741211)";67,25;410,0;419,57
210796;F;24,5;"[83,80000305175781, 94,0)";83,0;417,5;374,57
210817;M;35,0;"[83,80000305175781, 94,0)";83,0;712,5;475,59
210827;M;31,5;"[104,19999694824219, 114,4000015258789)";100,8;782,5;474,72
210907;F;29,5;"[63,400001525878906, 73,5999984741211)";65,95;385,0;399,61
210908;F;47,5;"[63,400001525878906, 73,5999984741211)";67,45;415,0;423,78
210957;F;24,5;"[83,80000305175781, 94,0)";77,85;456,5;424,26
210973;M;25,5;"[73,5999984741211, 83,80000305175781)";73,8;560,0;403,59
211192;F;36,5;"[53,20000076293945, 63,400001525878906)";56,0;280,0;329,45
211609;F;31,5;"[53,20000076293945, 63,400001525878906)";56,6;415,0;484,23
211726;F;53,5;"[53,20000076293945, 63,400001525878906)";56,6;325,0;379,22
211938;M;32,0;"[73,5999984741211, 83,80000305175781)";66,9;530,0;411,58
212289;M;37,5;"[73,5999984741211, 83,80000305175781)";82,6;550,0;368,18
212381;M;28,5;"[83,80000305175781, 94,0)";89,5;510,0;326,51
212390;F;14,5;"[53,20000076293945, 63,400001525878906)";61,1;177,5;195,14
212448;M;34,5;"[83,80000305175781, 94,0)";87,5;682,5;442,17
212463;F;23,5;"[63,400001525878906, 73,5999984741211)";71,35;367,5;360,88
212597;M;24,0;"[83,80000305175781, 94,0)";85,65;670,0;439,2
212881;M;32,0;"[53,20000076293945, 63,400001525878906)";57,85;340,0;299,99
212891;M;21,5;"[104,19999694824219, 114,4000015258789)";101,5;605,0;366,05
212922;M;42,5;"[73,5999984741211, 83,80000305175781)";83,0;560,0;373,8
213060;F;43,5;"[53,20000076293945, 63,400001525878906)";60,85;315,0;347,39
213181;F;23,5;"[53,20000076293945, 63,400001525878906)";53,6;225,0;273,97
213213;F;49,5;"[43,0, 53,20000076293945)";45,95;320,0;437,36
213334;M;51,5;"[63,400001525878906, 73,5999984741211)";64,95;360,0;286,46
213631;F;26,5;"[63,400001525878906, 73,5999984741211)";71,95;367,5;358,86
213873;M;27,5;"[73,5999984741211, 83,80000305175781)";72,5;625,0;456,25
214181;M;22,0;"[83,80000305175781, 94,0)";86,8;580,0;377,41
214344;M;18,5;"[83,80000305175781, 94,0)";88,0;610,0;394,0
214396;F;57,5;"[43,0, 53,20000076293945)";46,8;320,0;431,69
214415;M;29,5;"[114,4000015258789, 124,5999984741211)";118,95;845,5;487,1
214837;M;21,5;"[83,80000305175781, 94,0)";92,8;537,5;338,0
214894;M;29,5;"[83,80000305175781, 94,0)";87,35;607,5;393,95
214909;M;55,5;"[73,5999984741211, 83,80000305175781)";79,8;432,5;295,73
215074;M;28,0;"[73,5999984741211, 83,80000305175781)";82,3;630,0;422,66
215167;M;24,0;"[73,5999984741211, 83,80000305175781)";82,25;655,0;439,59
215468;M;25,5;"[83,80000305175781, 94,0)";90,34;555,0;353,63
215520;M;47,5;"[73,5999984741211, 83,80000305175781)";74,95;600,0;427,73
215744;F;37,5;"[43,0, 53,20000076293945)";51,4;312,5;393,07
215772;M;35,5;"[83,80000305175781, 94,0)";93,0;697,5;438,16
215794;F;18,5;"[63,400001525878906, 73,5999984741211)";68,2;317,5;321,67
215828;M;63,5;"[83,80000305175781, 94,0)";92,3;497,5;313,66
215984;F;16,5;"[63,400001525878906, 73,5999984741211)";71,0;300,0;295,57
216007;F;20,5;"[63,400001525878906, 73,5999984741211)";69,9;310,0;308,71
216018;M;20,5;"[53,20000076293945, 63,400001525878906)";57,15;467,5;417,29
216049;M;22,5;"[73,5999984741211, 83,80000305175781)";82,75;575,0;384,5
216078;F;43,5;"[53,20000076293945, 63,400001525878906)";62,8;377,5;406,4
216084;F;46,5;"[63,400001525878906, 73,5999984741211)";71,2;317,5;312,22
216102;F;56,5;"[63,400001525878906, 73,5999984741211)";68,55;262,5;264,99
216193;F;45,5;"[63,400001525878906, 73,5999984741211)";71,0;292,5;288,18
216201;M;28,5;"[83,80000305175781, 94,0)";88,9;525,0;337,29
613207;F;27,0;"[73,5999984741211, 83,80000305175781)";80,9;297,5;270,55
615119;F;46,0;"[73,5999984741211, 83,80000305175781)";81,0;372,5;338,52
615217;F;62,0;"[73,5999984741211, 83,80000305175781)";71,9;205,0;200,27
615240;M;79,0;"[73,5999984741211, 83,80000305175781)";70,8;422,5;313,9
617847;F;42,0;"[83,80000305175781, 94,0)";89,6;400,0;346,27
619020;F;68,0;"[83,80000305175781, 94,0)";87,4;170,5;149,2
619076;M;56,0;"[73,5999984741211, 83,80000305175781)";81,6;705,0;475,43
620203;F;30,0;"[73,5999984741211, 83,80000305175781)";74,7;330,0;314,5
620206;F;36,0;"[83,80000305175781, 94,0)";89,8;352,5;304,86
620233;F;25,0;"[53,20000076293945, 63,400001525878906)";56,8;342,5;398,53
620259;M;58,0;"[83,80000305175781, 94,0)";88,55;400,0;257,51
620304;M;17,0;"[53,20000076293945, 63,400001525878906)";59,0;422,5;365,96
620381;M;21,0;"[83,80000305175781, 94,0)";87,9;602,5;389,39
622103;M;43,0;"[94,0, 104,19999694824219)";95,3;617,5;383,56
623466;M;37,0;"[73,5999984741211, 83,80000305175781)";72,35;640,0;467,9
623952;M;40,0;"[83,80000305175781, 94,0)";89,7;515,0;329,33
624037;M;24,0;"[134,8000030517578, 145,0]";136,3;775,0;434,86
624292;M;17,0;"[83,80000305175781, 94,0)";88,7;552,5;355,37
625722;M;48,0;"[83,80000305175781, 94,0)";89,1;490,0;314,43
626508;M;27,0;"[53,20000076293945, 63,400001525878906)";54,3;410,0;384,83
628178;M;24,0;"[124,5999984741211, 134,8000030517578)";114,5;465,0;270,5
630610;M;15,0;"[83,80000305175781, 94,0)";87,9;535,0;345,77
632080;F;52,0;"[53,20000076293945, 63,400001525878906)";58,51;401,43;456,39
633060;M;56,0;"[73,5999984741211, 83,80000305175781)";79,7;412,5;282,28
633136;M;26,0;"[73,5999984741211, 83,80000305175781)";74,0;432,5;311,1
635914;M;62,0;"[73,5999984741211, 83,80000305175781)";73,8;417,5;300,89
638371;F;21,0;"[83,80000305175781, 94,0)";76,2;340,0;320,06
638497;M;23,5;"[63,400001525878906, 73,5999984741211)";64,14;547,5;440,29
638586;M;35,5;"[104,19999694824219, 114,4000015258789)";100,14;817,5;497,24
652169;F;25,0;"[73,5999984741211, 83,80000305175781)";79,7;482,5;442,42
652504;M;34,0;"[73,5999984741211, 83,80000305175781)";70,31;545,0;407,04
654419;F;27,0;"[53,20000076293945, 63,400001525878906)";59,33;227,5;255,86
657911;M;27,0;"[124,5999984741211, 134,8000030517578)";118,84;595,0;342,86
658290;F;20,0;"[43,0, 53,20000076293945)";47,2;217,5;291,62
658321;M;35,0;"[94,0, 104,19999694824219)";97,1;425,0;261,83
658600;M;20,5;"[73,5999984741211, 83,80000305175781)";73,9;695,0;500,4
658910;M;50,5;"[63,400001525878906, 73,5999984741211)";65,0;536,0;426,23
658911;M;28,0;"[63,400001525878906, 73,5999984741211)";65,5;532,5;420,75
658995;M;46,5;"[73,5999984741211, 83,80000305175781)";82,6;620,0;415,04
659006;M;26,5;"[73,5999984741211, 83,80000305175781)";79,5;587,5;402,68
659033;M;33,0;"[83,80000305175781, 94,0)";92,9;725,0;455,67
659145;M;26,5;"[114,4000015258789, 124,5999984741211)";119,1;857,5;493,87
659348;F;20,5;"[63,400001525878906, 73,5999984741211)";70,9;412,5;406,8
659394;F;45,0;"[43,0, 53,20000076293945)";50,9;270,0;342,17
659397;F;46,5;"[53,20000076293945, 63,400001525878906)";55,4;282,5;335,21
659438;F;49,5;"[43,0, 53,20000076293945)";46,2;245,0;333,57
659546;F;36,5;"[53,20000076293945, 63,400001525878906)";56,5;327,5;382,66
659661;F;24,5;"[83,80000305175781, 94,0)";79,1;467,5;430,5
659844;M;25,5;"[73,5999984741211, 83,80000305175781)";72,3;487,5;356,59
660561;M;44,0;"[104,19999694824219, 114,4000015258789)";99,25;570,0;347,95
660576;M;40,0;"[73,5999984741211, 83,80000305175781)";74,0;717,5;516,11
660666;F;28,0;"[83,80000305175781, 94,0)";75,0;320,0;304,21
660815;M;32,5;"[73,5999984741211, 83,80000305175781)";72,8;537,5;391,19
661194;M;20,5;"[73,5999984741211, 83,80000305175781)";72,8;465,0;338,43
661368;F;52,5;"[83,80000305175781, 94,0)";82,1;305,0;275,19
661379;M;22,0;"[53,20000076293945, 63,400001525878906)";57,6;577,5;511,63
662561;M;40,0;"[73,5999984741211, 83,80000305175781)";72,0;590,0;432,89
663158;M;20,5;"[73,5999984741211, 83,80000305175781)";72,3;537,5;393,16
663358;M;20,5;"[73,5999984741211, 83,80000305175781)";80,5;445,0;302,62
664702;M;31,5;"[83,80000305175781, 94,0)";89,8;655,0;418,62
665343;M;22,5;"[114,4000015258789, 124,5999984741211)";117,2;682,5;394,63
665985;F;18,0;"[83,80000305175781, 94,0)";83,1;381,0;341,61
666235;F;49,5;"[63,400001525878906, 73,5999984741211)";66,7;332,5;342,29
666249;F;17,5;"[53,20000076293945, 63,400001525878906)";55,9;402,5;474,25
668617;M;39,5;"[114,4000015258789, 124,5999984741211)";110,0;582,5;342,8
668851;M;20,5;"[83,80000305175781, 94,0)";89,9;785,0;501,42
668868;M;19,5;"[53,20000076293945, 63,400001525878906)";57,4;365,0;324,44
669581;F;43,5;"[53,20000076293945, 63,400001525878906)";53,7;280,0;340,44
670126;M;18,5;"[73,5999984741211, 83,80000305175781)";82,1;772,5;519,02
670173;M;22,5;"[83,80000305175781, 94,0)";90,8;767,5;487,79
670276;F;20,5;"[43,0, 53,20000076293945)";46,7;365,0;493,15
670277;F;21,5;"[43,0, 53,20000076293945)";46,7;345,0;466,13
670380;F;22,0;"[83,80000305175781, 94,0)";83,7;586,0;523,5
672253;F;19,5;"[53,20000076293945, 63,400001525878906)";60,1;462,5;514,97
672468;M;19,5;"[63,400001525878906, 73,5999984741211)";65,8;340,2;267,79
673515;M;39,5;"[104,19999694824219, 114,4000015258789)";104,4;747,5;447,58
673697;M;22,5;"[73,5999984741211, 83,80000305175781)";82,7;765,0;511,74
673718;M;22,5;"[73,5999984741211, 83,80000305175781)";71,6;460,0;338,9
673780;F;21,0;"[43,0, 53,20000076293945)";46,8;285,0;384,47
673837;F;11,0;"[43,0, 53,20000076293945)";40,6;142,5;211,03
674162;F;15,0;"[53,20000076293945, 63,400001525878906)";54,7;267,5;320,59
674503;M;27,5;"[114,4000015258789, 124,5999984741211)";115,6;610,0;353,95
674949;M;29,0;"[104,19999694824219, 114,4000015258789)";103,4;870,0;522,74
675306;M;39,0;"[104,19999694824219, 114,4000015258789)";104,0;740,0;443,7
675708;F;64,5;"[63,400001525878906, 73,5999984741211)";69,2;310,0;310,87
676080;M;46,5;"[73,5999984741211, 83,80000305175781)";83,0;610,0;407,17
677544;M;17,5;"[53,20000076293945, 63,400001525878906)";59,6;460,4;395,08
677561;M;16,5;"[63,400001525878906, 73,5999984741211)";65,54;496,7;392,26
677714;F;18,5;"[53,20000076293945, 63,400001525878906)";55,38;462,7;549,19
678501;M;17,5;"[114,4000015258789, 124,5999984741211)";118,4;732,5;422,47
680642;M;22,5;"[83,80000305175781, 94,0)";89,6;635,0;406,3
681832;M;23,5;"[104,19999694824219, 114,4000015258789)";95,2;755,0;469,19
681840;M;23,5;"[104,19999694824219, 114,4000015258789)";95,2;755,0;469,19
682494;M;38,5;"[114,4000015258789, 124,5999984741211)";119,8;760,0;437,11
682696;M;19,5;"[83,80000305175781, 94,0)";92,1;700,0;441,79
682781;F;21,5;"[63,400001525878906, 73,5999984741211)";66,1;375,0;388,58
683576;M;41,0;"[83,80000305175781, 94,0)";92,6;707,5;445,36
683667;M;27,5;"[73,5999984741211, 83,80000305175781)";81,5;552,5;372,86
684485;M;39,5;"[83,80000305175781, 94,0)";92,06;635,0;400,85
685098;M;26,5;"[73,5999984741211, 83,80000305175781)";78,8;540,0;372,23
685369;F;30,0;"[63,400001525878906, 73,5999984741211)";68,8;332,5;334,79
685520;F;25,0;"[53,20000076293945, 63,400001525878906)";56,9;375,0;435,75
685531;M;31,0;"[53,20000076293945, 63,400001525878906)";58,7;557,5;485,19
685570;F;23,5;"[53,20000076293945, 63,400001525878906)";61,8;270,0;294,24
685602;M;60,5;"[73,5999984741211, 83,80000305175781)";73,7;420,0;302,99
685937;M;43,0;"[83,80000305175781, 94,0)";92,5;715,0;450,31
686294;F;50,5;"[43,0, 53,20000076293945)";50,4;262,5;335,18
686922;M;32,5;"[73,5999984741211, 83,80000305175781)";72,9;692,5;503,5
687620;M;16,5;"[104,19999694824219, 114,4000015258789)";97,0;540,0;332,82
687663;F;16,5;"[43,0, 53,20000076293945)";50,5;225,0;286,87
688528;F;17,0;"[53,20000076293945, 63,400001525878906)";56,2;385,0;451,73
688585;F;53,0;"[83,80000305175781, 94,0)";80,7;400,0;364,25
689134;M;26,5;"[114,4000015258789, 124,5999984741211)";119,1;990,0;570,18
689469;F;52,5;"[53,20000076293945, 63,400001525878906)";55,8;250,0;294,98
690326;M;17,5;"[83,80000305175781, 94,0)";87,6;482,5;312,41
690360;M;66,0;"[83,80000305175781, 94,0)";87,1;510,0;331,23
691299;M;23,0;"[83,80000305175781, 94,0)";92,8;740,0;465,34
691551;F;53,0;"[63,400001525878906, 73,5999984741211)";66,75;260,0;267,51
693048;M;22,5;"[83,80000305175781, 94,0)";92,2;825,0;520,41
693922;M;28,5;"[114,4000015258789, 124,5999984741211)";119,8;637,5;366,65
694211;M;22,5;"[73,5999984741211, 83,80000305175781)";81,5;722,5;487,59
695198;M;22,5;"[63,400001525878906, 73,5999984741211)";65,8;447,5;352,25
695328;M;51,5;"[104,19999694824219, 114,4000015258789)";103,7;625,0;375,14
695364;M;20,5;"[104,19999694824219, 114,4000015258789)";94,2;322,5;201,38
695755;M;61,5;"[83,80000305175781, 94,0)";90,2;500,0;318,84
695954;M;54,5;"[73,5999984741211, 83,80000305175781)";81,8;537,5;361,93
696377;M;17,5;"[63,400001525878906, 73,5999984741211)";64,3;470,0;377,17
697312;M;43,5;"[104,19999694824219, 114,4000015258789)";96,2;562,5;347,94
697690;M;45,0;"[104,19999694824219, 114,4000015258789)";98,5;597,5;365,88
699231;F;57,0;"[63,400001525878906, 73,5999984741211)";64,4;395,0;417,26
699264;F;69,5;"[43,0, 53,20000076293945)";45,96;235,0;321,14
699293;F;40,5;"[43,0, 53,20000076293945)";51,32;345,0;434,47
699360;F;20,5;"[53,20000076293945, 63,400001525878906)";61,92;412,5;448,87
699446;F;24,5;"[63,400001525878906, 73,5999984741211)";66,24;415,0;429,37
699565;F;14,5;"[43,0, 53,20000076293945)";46,03;187,5;255,95
699773;M;39,5;"[83,80000305175781, 94,0)";91,97;642,5;405,78
699788;M;41,5;"[114,4000015258789, 124,5999984741211)";117,9;770,0;444,56
699789;M;41,5;"[114,4000015258789, 124,5999984741211)";118,88;755,0;435,03
699790;M;44,0;"[114,4000015258789, 124,5999984741211)";112,66;720,0;420,73
699863;M;69,5;"[63,400001525878906, 73,5999984741211)";62,4;310,0;255,28
699879;M;31,5;"[63,400001525878906, 73,5999984741211)";65,8;687,5;541,17
699881;M;28,5;"[63,400001525878906, 73,5999984741211)";65,06;653,0;518,87
700151;M;37,0;"[114,4000015258789, 124,5999984741211)";119,33;960,0;552,65
700161;M;26,5;"[114,4000015258789, 124,5999984741211)";118,87;782,5;450,88
700190;M;13,5;"[43,0, 53,20000076293945)";50,73;375,0;377,74
700214;M;15,5;"[73,5999984741211, 83,80000305175781)";74,79;532,5;380,18
701286;F;16,5;"[83,80000305175781, 94,0)";74,5;387,5;369,93
702009;F;42,0;"[63,400001525878906, 73,5999984741211)";65,0;345,0;361,94
702839;M;40,5;"[83,80000305175781, 94,0)";93,0;495,0;310,95
702846;M;40,5;"[83,80000305175781, 94,0)";93,0;495,0;310,95
703127;F;29,5;"[53,20000076293945, 63,400001525878906)";55,65;350,0;413,84
703278;M;52,5;"[73,5999984741211, 83,80000305175781)";82,1;472,5;317,46
704631;M;25,5;"[104,19999694824219, 114,4000015258789)";103,8;600,0;360,0
704986;M;18,5;"[114,4000015258789, 124,5999984741211)";106,6;467,5;277,91
705731;M;25,5;"[83,80000305175781, 94,0)";92,4;510,0;321,37
706334;F;26,5;"[63,400001525878906, 73,5999984741211)";71,6;385,0;377,18
706440;M;34,5;"[114,4000015258789, 124,5999984741211)";115,9;502,5;291,38
706949;M;24,0;"[114,4000015258789, 124,5999984741211)";119,2;1000,0;575,82
707014;F;46,5;"[83,80000305175781, 94,0)";82,4;415,0;373,72
707052;F;21,5;"[53,20000076293945, 63,400001525878906)";61,1;470,0;516,7
707253;F;46,5;"[53,20000076293945, 63,400001525878906)";56,7;362,5;422,39
707981;F;42,0;"[43,0, 53,20000076293945)";51,24;352,5;444,45
708099;M;41,5;"[83,80000305175781, 94,0)";86,1;450,0;294,12
708476;M;21,5;"[73,5999984741211, 83,80000305175781)";82,0;465,0;312,65
708680;F;20,5;"[83,80000305175781, 94,0)";78,8;385,0;355,3
709690;M;23,0;"[53,20000076293945, 63,400001525878906)";59,0;510,0;441,75
709716;M;25,0;"[73,5999984741211, 83,80000305175781)";73,6;470,0;339,38
710294;M;29,5;"[73,5999984741211, 83,80000305175781)";73,4;537,5;388,88
710440;F;27,0;"[53,20000076293945, 63,400001525878906)";62,4;487,5;527,37
711494;M;23,5;"[63,400001525878906, 73,5999984741211)";65,6;610,0;481,38
712156;M;28,5;"[104,19999694824219, 114,4000015258789)";102,9;497,5;299,46
712330;F;19,5;"[53,20000076293945, 63,400001525878906)";61,0;375,0;412,78
712693;M;14,5;"[53,20000076293945, 63,400001525878906)";58,7;360,0;313,31
713468;M;23,5;"[73,5999984741211, 83,80000305175781)";73,2;510,0;369,71
713585;M;26,5;"[73,5999984741211, 83,80000305175781)";73,75;450,0;324,47
713993;M;31,5;"[114,4000015258789, 124,5999984741211)";111,3;732,5;429,55
714470;M;42,0;"[53,20000076293945, 63,400001525878906)";58,12;382,5;336,0
714922;M;45,5;"[83,80000305175781, 94,0)";92,1;542,5;342,39
715402;F;20,5;"[53,20000076293945, 63,400001525878906)";61,4;272,5;298,45
715547;F;66,0;"[63,400001525878906, 73,5999984741211)";70,8;237,5;234,44
715919;M;46,0;"[73,5999984741211, 83,80000305175781)";73,8;590,0;425,21
716019;M;28,5;"[73,5999984741211, 83,80000305175781)";72,4;500,0;365,36
716420;M;22,5;"[53,20000076293945, 63,400001525878906)";58,9;512,5;444,61
717623;M;48,5;"[104,19999694824219, 114,4000015258789)";102,9;572,5;344,6
717833;M;21,5;"[83,80000305175781, 94,0)";89,7;670,0;428,45
718656;M;50,5;"[83,80000305175781, 94,0)";91,6;557,5;352,79
719000;F;58,5;"[53,20000076293945, 63,400001525878906)";61,8;232,5;253,38
720151;M;36,5;"[104,19999694824219, 114,4000015258789)";101,3;407,5;246,74
720450;F;22,5;"[53,20000076293945, 63,400001525878906)";62,8;438,5;472,07
720747;F;30,0;"[53,20000076293945, 63,400001525878906)";62,6;377,5;407,38
720860;F;47,0;"[83,80000305175781, 94,0)";83,8;502,5;448,63
720961;F;19,5;"[53,20000076293945, 63,400001525878906)";61,6;387,5;423,34
721135;M;40,5;"[114,4000015258789, 124,5999984741211)";119,5;807,5;464,7
721149;M;52,5;"[63,400001525878906, 73,5999984741211)";65,0;530,0;421,46
721154;M;51,5;"[73,5999984741211, 83,80000305175781)";70,6;542,5;403,91
721358;M;24,0;"[83,80000305175781, 94,0)";92,0;800,0;505,17
721433;M;26,0;"[104,19999694824219, 114,4000015258789)";105,0;725,0;433,23
722181;F;14,5;"[43,0, 53,20000076293945)";51,4;222,5;279,87
722273;M;56,5;"[73,5999984741211, 83,80000305175781)";82,06;727,5;488,93
722578;F;49,5;"[53,20000076293945, 63,400001525878906)";62,1;445,0;483,17
722646;M;64,0;"[73,5999984741211, 83,80000305175781)";79,4;455,0;312,11
722658;M;69,5;"[73,5999984741211, 83,80000305175781)";73,4;355,0;256,84
722666;M;33,0;"[63,400001525878906, 73,5999984741211)";65,4;677,5;536,0
722704;M;17,5;"[43,0, 53,20000076293945)";52,0;530,0;520,08
723124;M;21,5;"[104,19999694824219, 114,4000015258789)";97,9;505,0;310,03
723291;M;27,5;"[73,5999984741211, 83,80000305175781)";71,2;450,0;332,92
724151;F;26,0;"[53,20000076293945, 63,400001525878906)";56,2;350,0;410,66
724205;M;27,0;"[104,19999694824219, 114,4000015258789)";102,42;837,5;504,99
724671;M;73,0;"[73,5999984741211, 83,80000305175781)";73,9;440,0;316,8
725663;M;46,5;"[63,400001525878906, 73,5999984741211)";65,7;425,0;334,96
725732;M;39,5;"[53,20000076293945, 63,400001525878906)";58,6;385,0;335,6
725780;F;31,5;"[83,80000305175781, 94,0)";83,7;432,5;386,37
726329;M;32,5;"[104,19999694824219, 114,4000015258789)";103,3;675,0;405,72
726508;M;18,0;"[73,5999984741211, 83,80000305175781)";81,3;605,0;408,91
726579;F;25,5;"[63,400001525878906, 73,5999984741211)";68,12;470,0;476,57
727544;M;21,5;"[73,5999984741211, 83,80000305175781)";82,5;712,5;477,31
728458;M;37,5;"[73,5999984741211, 83,80000305175781)";80,3;422,5;287,76
729373;F;27,5;"[53,20000076293945, 63,400001525878906)";62,0;482,5;524,53
729610;M;68,5;"[73,5999984741211, 83,80000305175781)";82,2;470,0;315,55
729741;F;66,5;"[53,20000076293945, 63,400001525878906)";61,7;190,0;207,32
729742;F;73,5;"[43,0, 53,20000076293945)";51,0;166,5;210,69
730899;M;15,5;"[43,0, 53,20000076293945)";51,5;450,0;446,09
732402;M;26,5;"[73,5999984741211, 83,80000305175781)";81,6;727,5;490,6
732767;M;23,5;"[83,80000305175781, 94,0)";93,0;760,0;477,42
732976;M;23,5;"[73,5999984741211, 83,80000305175781)";73,5;540,0;390,31
733008;M;36,0;"[73,5999984741211, 83,80000305175781)";81,4;552,5;373,15
733126;M;19,0;"[104,19999694824219, 114,4000015258789)";97,8;545,0;334,73
733241;F;17,0;"[63,400001525878906, 73,5999984741211)";67,6;422,5;430,76
733316;F;17,0;"[63,400001525878906, 73,5999984741211)";67,6;422,5;430,76
733819;F;18,5;"[63,400001525878906, 73,5999984741211)";69,08;369,7;371,19
733915;M;46,5;"[114,4000015258789, 124,5999984741211)";119,3;620,0;356,94
734156;F;20,5;"[53,20000076293945, 63,400001525878906)";56,2;307,5;360,8
734173;F;59,0;"[63,400001525878906, 73,5999984741211)";68,6;320,0;322,87
734647;M;26,5;"[63,400001525878906, 73,5999984741211)";66,0;430,0;337,63
735363;M;17,0;"[73,5999984741211, 83,80000305175781)";71,6;557,5;410,73
735388;F;61,5;"[43,0, 53,20000076293945)";51,7;277,5;347,49
736203;M;19,5;"[53,20000076293945, 63,400001525878906)";58,98;632,5;548,03
736206;M;20,5;"[53,20000076293945, 63,400001525878906)";58,97;595,0;515,62
736918;F;17,5;"[83,80000305175781, 94,0)";81,0;392,5;356,7
738048;M;15,5;"[83,80000305175781, 94,0)";90,7;535,2;340,34
738989;F;23,0;"[43,0, 53,20000076293945)";49,6;240,0;310,19
740288;M;26,5;"[73,5999984741211, 83,80000305175781)";76,1;570,0;402,11
740655;M;15,5;"[83,80000305175781, 94,0)";86,9;477,5;310,51
740897;M;36,0;"[104,19999694824219, 114,4000015258789)";104,4;525,0;314,35
740898;M;20,0;"[114,4000015258789, 124,5999984741211)";106,4;682,5;405,97
741080;M;16,0;"[53,20000076293945, 63,400001525878906)";58,2;462,5;405,75
741224;F;27,0;"[63,400001525878906, 73,5999984741211)";68,1;310,0;314,4
742523;F;42,5;"[83,80000305175781, 94,0)";74,4;340,0;324,86
742723;F;39,0;"[63,400001525878906, 73,5999984741211)";71,6;352,5;345,34
742805;M;22,5;"[63,400001525878906, 73,5999984741211)";64,6;482,5;385,68
742829;M;23,0;"[83,80000305175781, 94,0)";91,3;665,0;421,49
742855;M;28,5;"[63,400001525878906, 73,5999984741211)";63,4;630,0;511,68
742923;M;27,0;"[83,80000305175781, 94,0)";91,2;750,0;475,63
742933;M;41,5;"[83,80000305175781, 94,0)";85,6;660,0;432,78
742934;M;55,5;"[83,80000305175781, 94,0)";90,9;657,5;417,65
743167;F;40,5;"[53,20000076293945, 63,400001525878906)";55,7;252,5;298,35
743265;F;51,0;"[53,20000076293945, 63,400001525878906)";56,8;325,0;378,17
743287;F;66,5;"[63,400001525878906, 73,5999984741211)";71,2;292,5;287,64
744103;F;61,5;"[53,20000076293945, 63,400001525878906)";56,1;275,0;323,11
744113;F;17,5;"[43,0, 53,20000076293945)";42,62;342,5;492,39
744191;M;20,5;"[83,80000305175781, 94,0)";91,96;877,5;554,22
744200;M;39,0;"[73,5999984741211, 83,80000305175781)";72,49;565,0;412,49
744239;M;65,5;"[114,4000015258789, 124,5999984741211)";118,93;592,5;341,36
744258;M;21,5;"[73,5999984741211, 83,80000305175781)";73,99;712,5;512,56
744269;M;40,5;"[83,80000305175781, 94,0)";92,68;837,5;526,97
744891;F;16,5;"[53,20000076293945, 63,400001525878906)";55,9;365,0;430,06
745201;M;19,5;"[73,5999984741211, 83,80000305175781)";73,0;427,5;310,52
745449;M;43,5;"[73,5999984741211, 83,80000305175781)";73,0;470,0;341,39
746152;M;28,5;"[63,400001525878906, 73,5999984741211)";64,5;535,0;428,2
746275;M;41,0;"[83,80000305175781, 94,0)";87,3;402,5;261,09
746320;M;29,0;"[114,4000015258789, 124,5999984741211)";108,2;540,0;319,44
746805;F;47,0;"[43,0, 53,20000076293945)";52,0;257,5;321,01
747326;F;60,5;"[53,20000076293945, 63,400001525878906)";56,68;277,5;323,43
748570;M;23,5;"[104,19999694824219, 114,4000015258789)";95,7;512,5;317,74
748975;F;50,0;"[53,20000076293945, 63,400001525878906)";56,3;320,0;374,94
748979;F;50,0;"[53,20000076293945, 63,400001525878906)";56,3;320,0;374,94
749009;F;52,0;"[53,20000076293945, 63,400001525878906)";61,3;275,0;301,57
749013;F;68,0;"[53,20000076293945, 63,400001525878906)";59,4;250,0;280,9
749032;F;20,0;"[63,400001525878906, 73,5999984741211)";69,2;320,0;320,9
749346;M;24,0;"[114,4000015258789, 124,5999984741211)";109,7;690,0;406,4
749360;M;26,0;"[114,4000015258789, 124,5999984741211)";106,6;670,0;398,29
749670;M;20,5;"[73,5999984741211, 83,80000305175781)";80,5;445,0;302,62
749719;F;24,5;"[53,20000076293945, 63,400001525878906)";61,85;290,0;315,84
752541;F;22,5;"[43,0, 53,20000076293945)";51,3;495,0;623,56
752792;M;18,5;"[53,20000076293945, 63,400001525878906)";58,5;585,0;510,75
753502;F;14,5;"[53,20000076293945, 63,400001525878906)";54,2;397,5;479,82
756195;M;45,5;"[73,5999984741211, 83,80000305175781)";82,0;590,0;396,69
756746;M;34,0;"[104,19999694824219, 114,4000015258789)";103,4;772,5;464,16
757100;M;20,5;"[73,5999984741211, 83,80000305175781)";73,4;482,5;349,09
757330;M;23,0;"[104,19999694824219, 114,4000015258789)";93,8;657,5;411,38
757713;M;24,5;"[104,19999694824219, 114,4000015258789)";103,6;582,5;349,75
757960;M;21,5;"[83,80000305175781, 94,0)";91,12;500,0;317,22
758185;F;58,5;"[53,20000076293945, 63,400001525878906)";62,2;275,0;298,22
758394;M;15,5;"[53,20000076293945, 63,400001525878906)";57,3;487,5;434,06
758410;F;17,5;"[53,20000076293945, 63,400001525878906)";61,3;435,0;477,02
758441;F;18,5;"[43,0, 53,20000076293945)";51,6;327,5;410,71
758773;F;25,5;"[63,400001525878906, 73,5999984741211)";69,9;330,0;328,62
759230;M;25,0;"[104,19999694824219, 114,4000015258789)";102,8;775,0;466,66
759275;F;47,5;"[63,400001525878906, 73,5999984741211)";68,1;320,0;324,54
759364;F;52,5;"[83,80000305175781, 94,0)";78,65;157,5;145,51
759654;F;42,5;"[53,20000076293945, 63,400001525878906)";62,49;295,0;318,78
759761;M;64,0;"[73,5999984741211, 83,80000305175781)";81,05;450,0;304,73
923612;M;40,0;"[73,5999984741211, 83,80000305175781)";75,2;590,0;419,63
923652;F;57,5;"[53,20000076293945, 63,400001525878906)";58,8;225,0;254,82
923766;F;36,5;"[53,20000076293945, 63,400001525878906)";56,4;337,5;394,89
923890;M;31,0;"[73,5999984741211, 83,80000305175781)";81,3;440,0;297,39
924012;M;23,0;"[73,5999984741211, 83,80000305175781)";82,6;752,5;503,74
924531;M;21,5;"[83,80000305175781, 94,0)";89,0;575,0;369,19
924556;M;39,0;"[73,5999984741211, 83,80000305175781)";82,7;520,0;347,85
924920;M;31,0;"[83,80000305175781, 94,0)";89,22;617,5;395,97
924950;M;22,0;"[73,5999984741211, 83,80000305175781)";73,7;540,0;389,55
925110;M;59,5;"[104,19999694824219, 114,4000015258789)";96,44;524,0;323,77
925137;F;25,5;"[63,400001525878906, 73,5999984741211)";68,56;448,0;452,2
925160;F;16,5;"[63,400001525878906, 73,5999984741211)";68,32;295,0;298,5
925293;F;27,5;"[63,400001525878906, 73,5999984741211)";63,5;382,5;408,34
925790;M;40,5;"[104,19999694824219, 114,4000015258789)";103,5;777,5;467,0
925946;M;17,5;"[73,5999984741211, 83,80000305175781)";81,0;505,0;342,1
925978;M;54,5;"[63,400001525878906, 73,5999984741211)";65,8;437,5;344,38
926114;F;18,5;"[53,20000076293945, 63,400001525878906)";61,9;317,5;345,58
926126;F;29,5;"[63,400001525878906, 73,5999984741211)";70,3;242,5;240,54
926139;F;33,5;"[43,0, 53,20000076293945)";51,9;315,0;393,27
926143;F;26,5;"[53,20000076293945, 63,400001525878906)";55,5;245,0;290,3
926336;F;37,5;"[83,80000305175781, 94,0)";79,45;305,0;280,16
926437;M;23,5;"[83,80000305175781, 94,0)";88,55;640,0;412,02
926509;F;40,0;"[63,400001525878906, 73,5999984741211)";70,2;340,0;337,58
926922;M;46,5;"[114,4000015258789, 124,5999984741211)";118,8;655,0;377,47
927553;M;31,5;"[73,5999984741211, 83,80000305175781)";79,1;662,5;455,56
927662;M;23,5;"[104,19999694824219, 114,4000015258789)";104,05;637,5;382,17
927791;M;23,5;"[73,5999984741211, 83,80000305175781)";73,75;580,0;418,21
927836;M;27,5;"[73,5999984741211, 83,80000305175781)";71,85;527,5;387,63
927900;M;18,0;"[73,5999984741211, 83,80000305175781)";71,04;460,0;340,89
927945;F;39,5;"[53,20000076293945, 63,400001525878906)";63,0;345,5;371,05
927989;M;15,5;"[73,5999984741211, 83,80000305175781)";75,78;500,0;353,74
928007;M;67,5;"[73,5999984741211, 83,80000305175781)";77,72;375,0;260,83
928128;M;24,5;"[73,5999984741211, 83,80000305175781)";77,8;612,5;425,74
928195;M;37,5;"[114,4000015258789, 124,5999984741211)";110,7;672,5;395,0
928931;M;20,5;"[114,4000015258789, 124,5999984741211)";118,5;740,0;426,71
928936;M;43,5;"[114,4000015258789, 124,5999984741211)";115,8;695,0;403,09
929139;M;59,0;"[73,5999984741211, 83,80000305175781)";73,9;432,5;311,4
929450;M;37,0;"[104,19999694824219, 114,4000015258789)";100,9;620,0;375,99
929820;F;33,5;"[53,20000076293945, 63,400001525878906)";63,0;275,0;295,34
929888;M;23,5;"[73,5999984741211, 83,80000305175781)";70,0;505,0;378,44
929911;M;20,0;"[73,5999984741211, 83,80000305175781)";73,8;652,5;470,26
930269;M;20,5;"[83,80000305175781, 94,0)";90,76;617,5;392,54
930270;M;19,5;"[83,80000305175781, 94,0)";90,42;615,0;391,69
930331;F;37,5;"[83,80000305175781, 94,0)";79,54;305,0;279,98
930343;F;23,0;"[53,20000076293945, 63,400001525878906)";54,24;270,0;325,73
930356;F;39,5;"[83,80000305175781, 94,0)";79,62;405,0;371,57
931398;M;22,5;"[73,5999984741211, 83,80000305175781)";81,65;627,5;423,0
931422;M;34,5;"[104,19999694824219, 114,4000015258789)";101,1;812,5;492,35
931423;M;43,5;"[104,19999694824219, 114,4000015258789)";103,5;800,0;480,51
931432;M;71,5;"[104,19999694824219, 114,4000015258789)";104,7;470,0;281,13
931707;M;40,0;"[104,19999694824219, 114,4000015258789)";107,9;715,0;423,34
931891;M;56,5;"[73,5999984741211, 83,80000305175781)";82,8;480,0;320,86
932149;M;39,5;"[83,80000305175781, 94,0)";89,6;642,5;411,1
932165;F;21,0;"[63,400001525878906, 73,5999984741211)";72,0;277,5;270,85
932193;M;70,0;"[73,5999984741211, 83,80000305175781)";83,0;447,5;298,71
932303;M;37,5;"[73,5999984741211, 83,80000305175781)";74,1;595,0;427,58
932431;M;72,0;"[83,80000305175781, 94,0)";83,92;442,5;293,46
932795;M;21,0;"[73,5999984741211, 83,80000305175781)";81,9;450,0;302,79
932843;M;17,0;"[73,5999984741211, 83,80000305175781)";73,98;495,0;356,13
933055;F;48,0;"[43,0, 53,20000076293945)";51,26;275,0;346,63
933067;M;30,0;"[73,5999984741211, 83,80000305175781)";71,64;395,0;290,89
933072;M;70,0;"[73,5999984741211, 83,80000305175781)";81,08;415,0;280,96
933414;F;29,0;"[53,20000076293945, 63,400001525878906)";52,45;245,0;303,4
933429;M;33,0;"[73,5999984741211, 83,80000305175781)";82,8;510,0;340,91
933435;M;18,0;"[73,5999984741211, 83,80000305175781)";67,65;410,0;315,56
933920;F;21,0;"[63,400001525878906, 73,5999984741211)";71,5;365,0;357,92
933936;M;19,0;"[83,80000305175781, 94,0)";92,76;585,0;367,94
934099;M;23,0;"[104,19999694824219, 114,4000015258789)";105,9;730,0;434,93
934292;F;60,0;"[63,400001525878906, 73,5999984741211)";71,4;225,0;220,84
934392;M;24,5;"[73,5999984741211, 83,80000305175781)";81,8;675,0;454,52
934491;M;40,0;"[83,80000305175781, 94,0)";90,5;565,0;359,68
934577;F;67,5;"[53,20000076293945, 63,400001525878906)";56,8;222,5;258,9
934831;M;37,5;"[104,19999694824219, 114,4000015258789)";103,2;605,0;363,77
934887;M;71,5;"[104,19999694824219, 114,4000015258789)";96,6;435,0;268,58
935018;M;22,5;"[104,19999694824219, 114,4000015258789)";104,0;600,0;359,75
935039;F;25,5;"[43,0, 53,20000076293945)";50,9;292,5;370,69
935299;F;21,0;"[63,400001525878906, 73,5999984741211)";70,78;370,0;365,31
935306;M;18,0;"[63,400001525878906, 73,5999984741211)";62,5;305,0;250,81
950896;M;14,5;"[43,0, 53,20000076293945)";52,5;260,0;252,6
973280;F;33,5;"[43,0, 53,20000076293945)";46,46;270,0;366,15
973283;F;22,5;"[43,0, 53,20000076293945)";50,96;346,0;438,09
973293;F;20,5;"[53,20000076293945, 63,400001525878906)";56,23;310,0;363,58
973385;M;24,5;"[83,80000305175781, 94,0)";91,95;685,0;432,66
973477;F;22,5;"[63,400001525878906, 73,5999984741211)";65,0;287,5;301,62
973744;F;43,5;"[53,20000076293945, 63,400001525878906)";62,77;380,0;409,24
974237;M;23,5;"[73,5999984741211, 83,80000305175781)";81,65;610,0;411,21
974448;M;26,5;"[83,80000305175781, 94,0)";93,0;700,0;439,73
974520;M;32,5;"[73,5999984741211, 83,80000305175781)";74,0;590,0;424,4
974521;M;22,5;"[73,5999984741211, 83,80000305175781)";73,7;567,5;409,39
974546;M;31,5;"[83,80000305175781, 94,0)";92,0;733,0;462,86
1021457;M;27,5;"[104,19999694824219, 114,4000015258789)";93,9;690,0;431,5
1021463;F;33,5;"[53,20000076293945, 63,400001525878906)";56,8;272,5;317,08
1024138;M;17,5;"[73,5999984741211, 83,80000305175781)";73,74;625,0;450,7
1024161;M;19,5;"[43,0, 53,20000076293945)";52,92;532,5;513,1
1024171;M;22,5;"[63,400001525878906, 73,5999984741211)";65,86;695,0;546,67
1024188;M;22,0;"[73,5999984741211, 83,80000305175781)";82,02;857,5;576,47
1024204;M;18,5;"[83,80000305175781, 94,0)";85,22;717,5;471,67
1024234;F;14,5;"[43,0, 53,20000076293945)";41,42;325,0;475,6
1024264;F;22,5;"[43,0, 53,20000076293945)";46,76;380,0;512,95
1024276;F;20,5;"[53,20000076293945, 63,400001525878906)";55,28;430,0;511,1
1024286;F;21,0;"[53,20000076293945, 63,400001525878906)";62,62;450,0;485,5
1024288;F;19,5;"[53,20000076293945, 63,400001525878906)";61,78;425,0;463,28
1024296;F;20,5;"[63,400001525878906, 73,5999984741211)";70,76;432,5;427,1
1025330;M;22,5;"[73,5999984741211, 83,80000305175781)";73,0;750,0;544,77
1025375;M;21,5;"[114,4000015258789, 124,5999984741211)";112,57;875,0;511,43
1025388;F;16,5;"[43,0, 53,20000076293945)";49,68;440,0;567,99
1025396;F;17,5;"[53,20000076293945, 63,400001525878906)";62,61;475,0;512,54
1025397;F;17,5;"[53,20000076293945, 63,400001525878906)";59,32;450,0;506,16
1025429;F;22,5;"[53,20000076293945, 63,400001525878906)";56,17;282,5;331,6
1025443;F;21,5;"[83,80000305175781, 94,0)";82,85;547,5;491,65
1026358;M;42,5;"[43,0, 53,20000076293945)";51,4;380,0;377,47
1026378;M;41,5;"[63,400001525878906, 73,5999984741211)";67,1;560,0;433,83
1026401;M;45,5;"[73,5999984741211, 83,80000305175781)";81,1;607,5;411,22
1026424;M;48,5;"[94,0, 104,19999694824219)";97,5;677,5;416,65
1026425;M;45,5;"[94,0, 104,19999694824219)";96,4;617,5;381,61
1026459;M;56,5;"[53,20000076293945, 63,400001525878906)";59,3;460,0;396,57
1026508;M;50,5;"[104,19999694824219, 114,4000015258789)";102,0;600,0;362,35
1029533;F;42,5;"[53,20000076293945, 63,400001525878906)";53,5;332,5;405,46
1029553;F;56,5;"[43,0, 53,20000076293945)";51,1;320,0;404,32
1029571;F;60,5;"[83,80000305175781, 94,0)";85,2;480,0;425,07
1029574;M;39,5;"[43,0, 53,20000076293945)";51,8;410,0;403,95
1029635;M;50,5;"[53,20000076293945, 63,400001525878906)";59,8;445,0;380,69
1029655;M;56,5;"[73,5999984741211, 83,80000305175781)";81,5;557,5;376,24
1029669;M;50,5;"[124,5999984741211, 134,8000030517578)";118,0;555,0;320,36
1029694;M;63,5;"[83,80000305175781, 94,0)";89,1;637,5;409,08
1033771;F;16,5;"[43,0, 53,20000076293945)";42,7;282,5;405,65
1033803;F;28,5;"[53,20000076293945, 63,400001525878906)";59,6;402,5;451,08
1033831;F;19,0;"[83,80000305175781, 94,0)";86,9;455,0;399,21
1033835;F;17,5;"[83,80000305175781, 94,0)";88,3;395,0;344,09
1034584;M;49,5;"[94,0, 104,19999694824219)";91,0;720,0;457,1
1034598;M;51,5;"[124,5999984741211, 134,8000030517578)";117,3;780,0;450,91
1034614;M;48,5;"[63,400001525878906, 73,5999984741211)";66,8;517,5;402,36
1034674;M;45,5;"[124,5999984741211, 134,8000030517578)";117,7;822,5;475,07
1034691;F;54,5;"[53,20000076293945, 63,400001525878906)";58,9;307,5;347,79
1034713;M;68,0;"[53,20000076293945, 63,400001525878906)";52,1;335,0;328,07
1039666;M;47,5;"[83,80000305175781, 94,0)";92,41;715,0;450,52
1039684;M;42,5;"[114,4000015258789, 124,5999984741211)";116,56;820,0;474,79
1039700;M;53,5;"[63,400001525878906, 73,5999984741211)";65,81;572,5;450,59
1039704;M;58,5;"[63,400001525878906, 73,5999984741211)";65,93;490,0;385,08
1039736;M;50,5;"[114,4000015258789, 124,5999984741211)";114,31;895,0;520,88
1039757;M;64,5;"[73,5999984741211, 83,80000305175781)";81,76;532,5;358,67
1039758;M;59,5;"[73,5999984741211, 83,80000305175781)";82,42;510,0;341,85
1039780;M;72,5;"[63,400001525878906, 73,5999984741211)";64,07;352,5;283,74
1039787;M;69,5;"[73,5999984741211, 83,80000305175781)";81,0;410,0;277,74
1039789;M;71,5;"[83,80000305175781, 94,0)";90,54;477,5;303,91
1039815;F;48,5;"[83,80000305175781, 94,0)";76,33;350,0;329,13
1039830;F;53,0;"[53,20000076293945, 63,400001525878906)";56,18;315,0;369,7
1040313;M;45,5;"[73,5999984741211, 83,80000305175781)";73,64;760,0;548,58
1040377;M;67,5;"[53,20000076293945, 63,400001525878906)";58,52;305,0;266,2
1040388;M;60,5;"[83,80000305175781, 94,0)";91,36;602,5;381,76
1040402;M;69,5;"[73,5999984741211, 83,80000305175781)";80,9;560,0;379,65
1040420;F;39,5;"[53,20000076293945, 63,400001525878906)";61,18;412,5;453,03
1040800;F;33,5;"[43,0, 53,20000076293945)";49,78;422,5;544,57
1040808;F;27,5;"[53,20000076293945, 63,400001525878906)";56,38;515,0;602,75
1040822;F;33,5;"[53,20000076293945, 63,400001525878906)";62,24;542,5;588,02
1040829;F;41,0;"[63,400001525878906, 73,5999984741211)";71,7;627,5;614,17
1040830;F;28,5;"[63,400001525878906, 73,5999984741211)";69,46;625,0;625,12
1040836;F;21,5;"[63,400001525878906, 73,5999984741211)";63,5;450,0;480,4
1040846;F;43,5;"[83,80000305175781, 94,0)";79,34;522,5;480,32
1040876;M;39,5;"[73,5999984741211, 83,80000305175781)";73,32;882,5;638,99
1040879;M;38,0;"[73,5999984741211, 83,80000305175781)";73,8;785,0;565,75
1040907;M;38,5;"[83,80000305175781, 94,0)";92,42;992,5;625,34
1040911;M;26,5;"[83,80000305175781, 94,0)";92,72;950,0;597,64
1040919;M;32,5;"[83,80000305175781, 94,0)";92,6;790,0;497,29
1040926;M;23,5;"[104,19999694824219, 114,4000015258789)";102,78;1042,5;627,78
1040936;M;34,5;"[104,19999694824219, 114,4000015258789)";103,64;807,5;484,78
1045423;M;57,0;"[83,80000305175781, 94,0)";88,7;620,0;398,79
1048759;F;17,5;"[73,5999984741211, 83,80000305175781)";71,38;392,5;385,32
1048797;F;21,5;"[63,400001525878906, 73,5999984741211)";66,89;490,0;503,38
1048814;M;17,5;"[43,0, 53,20000076293945)";51,99;560,0;549,63
1048857;M;17,5;"[104,19999694824219, 114,4000015258789)";101,7;620,0;374,85
1048879;M;21,5;"[53,20000076293945, 63,400001525878906)";57,05;542,5;485,05
1049781;M;23,5;"[63,400001525878906, 73,5999984741211)";67,1;595,0;460,95
1049800;M;18,5;"[73,5999984741211, 83,80000305175781)";73,9;550,0;396,0
1049806;M;30,0;"[73,5999984741211, 83,80000305175781)";82,1;787,5;529,1
1049820;M;23,5;"[83,80000305175781, 94,0)";89,7;925,0;591,52
1049844;M;32,5;"[94,0, 104,19999694824219)";97,6;942,5;579,36
1049850;M;36,5;"[94,0, 104,19999694824219)";97,2;800,0;492,63
1049874;M;44,5;"[104,19999694824219, 114,4000015258789)";106,8;682,5;405,46
1049889;M;22,5;"[124,5999984741211, 134,8000030517578)";121,2;822,5;471,8
1051024;F;24,5;"[73,5999984741211, 83,80000305175781)";76,85;507,5;475,29
1052860;M;46,5;"[63,400001525878906, 73,5999984741211)";65,56;595,0;469,78
1052937;M;60,5;"[73,5999984741211, 83,80000305175781)";81,82;600,0;403,96
1052951;M;62,5;"[104,19999694824219, 114,4000015258789)";100,98;597,5;362,24
1052986;F;46,5;"[63,400001525878906, 73,5999984741211)";70,34;392,5;389,18
1053513;M;25,5;"[83,80000305175781, 94,0)";92,52;767,5;483,33
1053521;M;25,5;"[83,80000305175781, 94,0)";91,2;682,5;432,82
1053528;M;28,5;"[104,19999694824219, 114,4000015258789)";103,3;840,0;504,89
1053578;M;17,5;"[53,20000076293945, 63,400001525878906)";58,78;445,0;386,79
1053592;M;17,5;"[73,5999984741211, 83,80000305175781)";73,0;618,5;449,25
1053624;M;17,5;"[114,4000015258789, 124,5999984741211)";115,38;660,0;383,16
1053658;M;20,5;"[73,5999984741211, 83,80000305175781)";73,74;577,5;416,44
1053666;M;22,5;"[73,5999984741211, 83,80000305175781)";82,18;700,0;470,03
1053677;M;19,5;"[73,5999984741211, 83,80000305175781)";79,1;547,5;376,48
1053681;M;20,5;"[83,80000305175781, 94,0)";92,7;715,0;449,85
1053688;M;22,5;"[83,80000305175781, 94,0)";85,6;530,0;347,54
1053693;M;20,5;"[104,19999694824219, 114,4000015258789)";102,32;755,0;455,41
1053725;M;45,5;"[63,400001525878906, 73,5999984741211)";65,6;605,0;477,43
1053789;M;55,5;"[73,5999984741211, 83,80000305175781)";72,84;537,5;391,04
1053790;M;53,5;"[73,5999984741211, 83,80000305175781)";73,6;522,5;377,29
1053794;M;54,5;"[73,5999984741211, 83,80000305175781)";81,64;675,0;455,06
1053825;M;59,5;"[63,400001525878906, 73,5999984741211)";64,56;385,0;307,9
1053839;M;64,0;"[114,4000015258789, 124,5999984741211)";110,34;627,5;368,93
1053858;M;70,0;"[114,4000015258789, 124,5999984741211)";110,4;490,0;288,04
1053886;F;24,5;"[53,20000076293945, 63,400001525878906)";56,2;420,0;492,79
1053891;F;24,5;"[53,20000076293945, 63,400001525878906)";55,7;365,0;431,27
1053894;F;42,5;"[53,20000076293945, 63,400001525878906)";60,58;476,5;527,31
1053964;F;17,5;"[53,20000076293945, 63,400001525878906)";54,6;220,0;264,04
1053976;F;18,0;"[63,400001525878906, 73,5999984741211)";70,7;345,0;340,89
1053977;F;17,5;"[63,400001525878906, 73,5999984741211)";68,7;272,5;274,66
1053988;F;22,5;"[43,0, 53,20000076293945)";45,9;257,5;352,21
1054002;F;21,5;"[53,20000076293945, 63,400001525878906)";55,72;337,5;398,67
1054028;F;21,5;"[83,80000305175781, 94,0)";81,7;430,0;388,98
1054049;F;41,5;"[53,20000076293945, 63,400001525878906)";56,56;347,5;405,69
1054060;F;48,5;"[53,20000076293945, 63,400001525878906)";62,36;342,5;370,69
1054093;F;51,5;"[43,0, 53,20000076293945)";46,4;280,0;380,06
1054098;F;49,0;"[43,0, 53,20000076293945)";51,7;225,0;281,75
1054112;F;52,5;"[63,400001525878906, 73,5999984741211)";70,7;290,0;286,54
1054135;F;65,5;"[53,20000076293945, 63,400001525878906)";60,56;235,0;260,12
1054148;F;74,0;"[43,0, 53,20000076293945)";51,24;160,0;201,74
1054508;M;47,5;"[73,5999984741211, 83,80000305175781)";82,84;767,5;512,89
1054553;M;52,5;"[73,5999984741211, 83,80000305175781)";73,18;585,0;424,16
1054633;F;48,5;"[53,20000076293945, 63,400001525878906)";62,2;435,0;471,73
1054676;F;51,5;"[63,400001525878906, 73,5999984741211)";69,68;420,0;419,16
1055180;F;14,5;"[43,0, 53,20000076293945)";48,2;347,5;458,83
1055201;F;20,5;"[53,20000076293945, 63,400001525878906)";59,3;347,5;390,97
1055203;F;22,5;"[53,20000076293945, 63,400001525878906)";58,5;305,0;346,8
1055218;F;18,5;"[73,5999984741211, 83,80000305175781)";77,1;412,5;385,57
1055239;M;21,5;"[53,20000076293945, 63,400001525878906)";59,5;555,0;476,99
1055260;M;20,5;"[73,5999984741211, 83,80000305175781)";73,5;712,5;514,99
1055270;M;22,5;"[73,5999984741211, 83,80000305175781)";73,9;620,0;446,4
1055274;M;22,5;"[73,5999984741211, 83,80000305175781)";74,8;585,0;417,62
1055280;M;22,5;"[73,5999984741211, 83,80000305175781)";82,2;745,0;500,17
1055286;M;23,0;"[73,5999984741211, 83,80000305175781)";81,6;630,0;424,85
1055300;M;22,5;"[83,80000305175781, 94,0)";90,0;637,5;406,98
1055464;F;21,0;"[43,0, 53,20000076293945)";47,8;392,5;521,43
1055485;F;40,5;"[53,20000076293945, 63,400001525878906)";55,24;465,0;553,01
1055490;F;24,5;"[53,20000076293945, 63,400001525878906)";55,82;400,0;471,83
1055491;F;40,5;"[53,20000076293945, 63,400001525878906)";54,98;345,0;411,82
1055505;F;33,5;"[53,20000076293945, 63,400001525878906)";58,68;427,5;484,93
1057678;M;66,5;"[53,20000076293945, 63,400001525878906)";55,7;375,0;343,18
1057710;M;62,5;"[94,0, 104,19999694824219)";98,3;582,5;356,99
1057739;F;40,0;"[63,400001525878906, 73,5999984741211)";66,9;445,0;457,11
1057741;F;47,0;"[63,400001525878906, 73,5999984741211)";66,1;397,5;411,9
1057757;F;54,5;"[43,0, 53,20000076293945)";51,2;342,5;432,1
1057782;F;41,5;"[43,0, 53,20000076293945)";43,8;355,0;501,38
1057791;F;47,5;"[43,0, 53,20000076293945)";51,3;382,5;481,84
1058915;F;32,5;"[73,5999984741211, 83,80000305175781)";81,4;515,0;466,78
1059742;M;28,5;"[73,5999984741211, 83,80000305175781)";75,0;730,0;520,17
1059766;M;38,5;"[94,0, 104,19999694824219)";100,0;875,0;532,52
1059768;M;40,5;"[94,0, 104,19999694824219)";100,0;810,0;492,96
1059782;M;29,5;"[124,5999984741211, 134,8000030517578)";125,0;837,5;477,25
1200205;F;15,5;"[63,400001525878906, 73,5999984741211)";65,5;160,0;166,91
1200211;F;51,0;"[53,20000076293945, 63,400001525878906)";56,3;358,5;420,05
1200216;F;24,5;"[53,20000076293945, 63,400001525878906)";56,0;300,0;352,98
1200257;M;19,5;"[63,400001525878906, 73,5999984741211)";66,5;622,5;485,78
1200452;M;46,5;"[104,19999694824219, 114,4000015258789)";108,9;730,0;430,95
1200456;M;56,5;"[124,5999984741211, 134,8000030517578)";122,7;405,0;231,69
1200457;M;27,5;"[83,80000305175781, 94,0)";89,0;717,5;460,69
1200459;M;53,5;"[83,80000305175781, 94,0)";87,9;552,5;357,08
1200481;F;47,0;"[53,20000076293945, 63,400001525878906)";58,8;330,0;373,74
1200490;M;16,5;"[53,20000076293945, 63,400001525878906)";46,2;195,0;218,02
1255194;M;29,0;"[73,5999984741211, 83,80000305175781)";82,35;642,5;430,89
1255223;F;28,0;"[83,80000305175781, 94,0)";76,6;340,0;319,05
1255251;M;73,5;"[73,5999984741211, 83,80000305175781)";69,65;397,5;299,03
1255287;F;30,0;"[83,80000305175781, 94,0)";78,6;292,5;270,33
1255301;M;25,0;"[73,5999984741211, 83,80000305175781)";82,85;662,5;442,69
1255622;M;27,5;"[73,5999984741211, 83,80000305175781)";80,7;515,0;349,68
1255946;F;33,0;"[83,80000305175781, 94,0)";81,65;367,5;332,55
1274711;M;20,5;"[63,400001525878906, 73,5999984741211)";65,5;535,0;422,73
1274721;M;20,5;"[73,5999984741211, 83,80000305175781)";82,9;585,0;390,77
1274729;M;20,5;"[83,80000305175781, 94,0)";90,15;575,0;366,77
1274751;M;25,5;"[73,5999984741211, 83,80000305175781)";73,65;512,5;369,89
1274764;M;30,0;"[83,80000305175781, 94,0)";91,15;592,5;375,85
1274770;M;26,5;"[104,19999694824219, 114,4000015258789)";103,4;647,5;389,05
1274796;M;44,5;"[104,19999694824219, 114,4000015258789)";102,5;637,5;384,28
1274802;M;39,5;"[114,4000015258789, 124,5999984741211)";106,15;535,0;318,49
1274807;M;54,5;"[73,5999984741211, 83,80000305175781)";81,8;510,0;343,41
1274832;F;21,5;"[53,20000076293945, 63,400001525878906)";61,35;327,5;358,91
1274834;F;19,5;"[63,400001525878906, 73,5999984741211)";68,95;360,0;361,93
1274842;F;32,5;"[43,0, 53,20000076293945)";51,0;312,5;395,44
1274845;F;29,0;"[43,0, 53,20000076293945)";51,85;237,5;296,74
1274856;F;25,5;"[63,400001525878906, 73,5999984741211)";71,95;337,5;329,57
1274872;F;56,5;"[53,20000076293945, 63,400001525878906)";61,6;320,5;350,15
1274943;M;23,5;"[104,19999694824219, 114,4000015258789)";102,7;785,0;472,85
1275726;F;34,5;"[43,0, 53,20000076293945)";46,1;270,0;368,17
1275819;M;32,5;"[53,20000076293945, 63,400001525878906)";58,55;532,5;464,54
1275828;M;21,5;"[63,400001525878906, 73,5999984741211)";65,7;515,0;405,9
1275862;M;45,5;"[73,5999984741211, 83,80000305175781)";71,65;440,0;324,0
1275874;M;28,5;"[73,5999984741211, 83,80000305175781)";73,3;600,0;434,53
1275964;M;43,5;"[104,19999694824219, 114,4000015258789)";104,05;605,0;362,69
1276038;M;24,5;"[73,5999984741211, 83,80000305175781)";82,9;627,5;419,16
1276056;F;43,5;"[53,20000076293945, 63,400001525878906)";54,72;327,5;392,38
1276075;M;20,5;"[43,0, 53,20000076293945)";49,28;315,0;327,44
1276122;M;26,5;"[83,80000305175781, 94,0)";89,2;692,5;444,12
1276332;F;31,5;"[53,20000076293945, 63,400001525878906)";56,1;297,5;349,55
1276369;M;56,0;"[73,5999984741211, 83,80000305175781)";73,6;470,5;339,75
1276377;M;71,0;"[73,5999984741211, 83,80000305175781)";81,4;415,0;280,28
1276478;M;32,5;"[63,400001525878906, 73,5999984741211)";65,3;640,0;506,98
1276497;M;40,5;"[114,4000015258789, 124,5999984741211)";113,2;780,0;455,18
1276503;M;68,5;"[63,400001525878906, 73,5999984741211)";64,75;460,0;366,98
1318697;M;20,0;"[94,0, 104,19999694824219)";93,17;522,5;327,95
1358431;M;33,0;"[73,5999984741211, 83,80000305175781)";74,39;710,0;508,82
1360146;M;28,0;"[124,5999984741211, 134,8000030517578)";119,02;790,0;455,07
1360643;M;22,0;"[104,19999694824219, 114,4000015258789)";104,6;682,5;408,38
1362532;M;26,0;"[134,8000030517578, 145,0]";137,35;807,5;452,55
1362866;M;25,0;"[94,0, 104,19999694824219)";98,6;697,5;426,93
1363226;F;43,0;"[73,5999984741211, 83,80000305175781)";72,48;472,5;459,15
1363246;M;42,0;"[104,19999694824219, 114,4000015258789)";109,86;844,99;497,47
1376508;F;21,5;"[63,400001525878906, 73,5999984741211)";71,1;415,0;408,49
1376529;M;21,5;"[104,19999694824219, 114,4000015258789)";104,4;835,0;499,97
1376539;M;36,5;"[73,5999984741211, 83,80000305175781)";73,6;617,5;445,89
1376560;M;42,5;"[114,4000015258789, 124,5999984741211)";119,5;807,5;464,7
1376716;F;24,5;"[63,400001525878906, 73,5999984741211)";71,71;492,5;482,0
1376732;M;37,0;"[83,80000305175781, 94,0)";92,84;792,5;498,25
1377010;F;21,5;"[53,20000076293945, 63,400001525878906)";55,5;442,5;524,32
1377025;F;33,5;"[43,0, 53,20000076293945)";47,0;392,5;527,87
1377069;M;41,5;"[73,5999984741211, 83,80000305175781)";81,1;495,0;335,07
1377084;M;49,5;"[73,5999984741211, 83,80000305175781)";73,5;708,0;511,74
1377086;M;53,5;"[73,5999984741211, 83,80000305175781)";70,4;447,5;333,9
1377106;M;31,5;"[73,5999984741211, 83,80000305175781)";73,7;657,5;474,32
1377140;M;56,5;"[104,19999694824219, 114,4000015258789)";105,0;617,5;368,99
1377261;F;34,0;"[53,20000076293945, 63,400001525878906)";55,56;450,0;532,76
1377275;M;30,5;"[73,5999984741211, 83,80000305175781)";73,6;772,5;557,82
1377992;F;40,5;"[43,0, 53,20000076293945)";46,3;320,0;435,02
1378033;M;22,0;"[83,80000305175781, 94,0)";91,3;755,0;478,54
1378055;M;25,5;"[83,80000305175781, 94,0)";90,3;793,0;505,39
1378479;M;30,5;"[53,20000076293945, 63,400001525878906)";53,1;390,0;374,48
1378508;M;29,5;"[94,0, 104,19999694824219)";97,1;855,0;526,73
1378568;M;27,5;"[73,5999984741211, 83,80000305175781)";82,9;595,0;397,45
1378677;M;21,5;"[73,5999984741211, 83,80000305175781)";73,9;530,0;381,6
1378689;F;38,5;"[43,0, 53,20000076293945)";47,0;305,0;410,19
1378698;F;23,0;"[63,400001525878906, 73,5999984741211)";69,8;390,0;388,76
1378716;M;23,0;"[73,5999984741211, 83,80000305175781)";82,1;645,0;433,35
1378722;M;27,5;"[83,80000305175781, 94,0)";91,9;672,5;424,88
1378794;F;19,5;"[53,20000076293945, 63,400001525878906)";53,64;237,5;289,02
1378863;M;71,5;"[73,5999984741211, 83,80000305175781)";82,44;382,5;256,35
1378864;M;26,5;"[83,80000305175781, 94,0)";89,37;772,5;494,94
1378893;M;69,5;"[63,400001525878906, 73,5999984741211)";64,94;415,5;330,66
1378896;M;71,5;"[73,5999984741211, 83,80000305175781)";82,44;382,5;256,35
1378928;M;20,5;"[73,5999984741211, 83,80000305175781)";73,82;545,0;392,7
1378991;M;37,5;"[104,19999694824219, 114,4000015258789)";104,02;577,5;346,24
1379010;M;38,5;"[53,20000076293945, 63,400001525878906)";55,17;222,5;205,55
1379022;M;22,0;"[114,4000015258789, 124,5999984741211)";116,45;842,5;487,93
1379037;M;33,0;"[83,80000305175781, 94,0)";91,65;727,5;460,24
1379197;F;20,5;"[53,20000076293945, 63,400001525878906)";62,49;445,0;480,87
1379234;F;67,0;"[43,0, 53,20000076293945)";45,76;237,5;325,55
1379264;M;45,5;"[104,19999694824219, 114,4000015258789)";103,4;812,5;488,19
1379270;M;32,5;"[53,20000076293945, 63,400001525878906)";58,97;602,5;522,12
1379291;M;40,5;"[114,4000015258789, 124,5999984741211)";110,9;702,5;412,4
1379307;M;44,5;"[73,5999984741211, 83,80000305175781)";81,26;569,0;384,7
1379422;M;31,5;"[63,400001525878906, 73,5999984741211)";64,98;642,5;511,05
1379439;M;17,5;"[104,19999694824219, 114,4000015258789)";103,79;775,0;465,02
1379568;M;20,5;"[73,5999984741211, 83,80000305175781)";79,3;627,5;430,79
1379597;F;20,5;"[43,0, 53,20000076293945)";40,8;237,5;350,7
1379789;M;45,0;"[63,400001525878906, 73,5999984741211)";65,0;495,0;393,62
1379797;M;39,5;"[104,19999694824219, 114,4000015258789)";109,3;475,0;280,09
1379951;M;54,0;"[83,80000305175781, 94,0)";89,6;830,0;531,07
1380032;M;21,5;"[73,5999984741211, 83,80000305175781)";80,7;670,0;454,92
1380131;M;35,5;"[83,80000305175781, 94,0)";89,0;875,0;561,81
1380168;M;39,5;"[104,19999694824219, 114,4000015258789)";105,0;755,0;451,15
1380184;M;26,0;"[104,19999694824219, 114,4000015258789)";102,8;737,5;444,08
1380188;M;22,5;"[114,4000015258789, 124,5999984741211)";113,6;882,5;514,49
1380975;F;47,5;"[73,5999984741211, 83,80000305175781)";77,3;397,0;370,51
1422898;M;41,5;"[104,19999694824219, 114,4000015258789)";103,6;812,5;487,85
1422989;F;56,5;"[53,20000076293945, 63,400001525878906)";62,1;300,0;325,73
